{
  "project_info": {
    "project_number": "135323524815",
    "firebase_url": "https://whatever-4555a.firebaseio.com",
    "project_id": "whatever-4555a",
    "storage_bucket": "whatever-4555a.appspot.com"
  },
  "client": [
    {
      "client_info": {
        "mobilesdk_app_id": "1:135323524815:android:244c65bcfc39b85d",
        "android_client_info": {
          "package_name": "com.example.whatever"
        }
      },
      "oauth_client": [
        {
          "client_id": "135323524815-gm19kuv73c63ieog55c1evllk8psaedl.apps.googleusercontent.com",
          "client_type": 1,
          "android_info": {
            "package_name": "com.example.whatever",
            "certificate_hash": "9859c6412617ace4d3ce26fe22e6251d6fe1ef56"
          }
        },
        {
          "client_id": "135323524815-p6ncc5ld2787lq3fgq0g6io59533lrdn.apps.googleusercontent.com",
          "client_type": 3
        }
      ],
      "api_key": [
        {
          "current_key": "AIzaSyBdzNLfXOwojp5rHoYqQtscE67UUPlAj_I"
        }
      ],
      "services": {
        "analytics_service": {
          "status": 1
        },
        "appinvite_service": {
          "status": 2,
          "other_platform_oauth_client": [
            {
              "client_id": "135323524815-p6ncc5ld2787lq3fgq0g6io59533lrdn.apps.googleusercontent.com",
              "client_type": 3
            }
          ]
        },
        "ads_service": {
          "status": 2
        }
      }
    }
  ],
  "configuration_version": "1"
}